workspace_id,churned,plan_tier,monthly_price,dau_wau_ratio,seat_utilization,ticket_velocity,avg_resolution_days,feature_adoption_score,total_events,workspace_age_days
1,0,Growth,199,0.15294117647058822,2.8917525773195876,8.0,9.125,6,561,740
2,0,Enterprise,999,0.1460674157303371,10.0,6.0,10.0,6,764,485
3,0,Business,499,0.15853658536585366,2.4157303370786516,9.0,5.444444444444445,6,430,696
4,0,Growth,199,0.2222222222222222,1.2307692307692308,6.0,7.0,6,192,65
5,0,Starter,49,0.14942528735632182,10.0,7.0,6.428571428571429,6,635,257
6,0,Starter,49,0.14444444444444446,10.0,3.0,7.333333333333333,6,745,767
7,0,Starter,49,0.20800000000000002,1.3513513513513513,8.0,8.125,6,200,127
8,0,Business,499,0.174496644295302,5.885245901639344,11.0,4.636363636363637,6,359,604
9,1,Growth,199,0.325,0.5188679245283019,16.0,7.4375,6,110,215
10,0,Business,499,0.14857142857142858,3.5027322404371586,9.0,7.333333333333333,6,641,902
11,0,Starter,49,0.14857142857142858,8.657894736842104,9.0,8.222222222222221,6,658,256
12,0,Enterprise,999,0.14606741573033707,2.92,9.0,5.222222222222222,6,730,671
13,0,Business,499,0.16455696202531647,10.0,3.0,6.333333333333333,6,407,390
14,0,Starter,49,0.17218543046357615,3.5104166666666665,0.0,0.0,6,337,322
15,0,Starter,49,0.16455696202531644,1.7962085308056872,8.0,6.875,6,379,378
16,0,Starter,49,0.16993464052287582,2.380281690140845,5.0,8.8,6,338,845
17,0,Starter,49,0.15028901734104044,10.0,7.0,8.142857142857142,6,564,719
18,0,Growth,199,0.24528301886792456,0.7327188940092166,7.0,7.285714285714286,6,159,55
19,0,Growth,199,0.19402985074626866,1.4216216216216215,4.0,9.25,6,263,351
20,0,Starter,49,0.203125,1.293103448275862,2.0,7.5,6,225,804
21,0,Growth,199,0.14689265536723162,10.0,5.0,6.4,6,651,558
22,0,Starter,49,0.1897810218978102,2.2941176470588234,5.0,4.8,6,234,551
23,0,Starter,49,0.21311475409836067,1.18562874251497,5.0,5.6,6,198,481
24,0,Growth,199,0.14857142857142858,6.505050505050505,9.0,6.444444444444445,6,644,346
25,1,Growth,199,0.21311475409836067,1.2159090909090908,14.0,6.142857142857143,6,214,361
26,0,Business,499,0.15384615384615383,3.3625,7.0,6.571428571428571,6,538,498
27,0,Starter,49,0.16774193548387098,7.978260869565218,7.0,7.857142857142857,6,367,647
28,0,Growth,199,0.15757575757575756,6.6891891891891895,3.0,8.666666666666666,6,495,194
29,1,Growth,199,0.26262626262626265,0.8388888888888889,15.0,5.866666666666666,6,151,47
30,0,Starter,49,0.15853658536585366,6.412698412698413,3.0,5.333333333333333,6,404,409
31,0,Growth,199,0.1625,3.5981308411214954,6.0,9.333333333333334,6,385,863
32,1,Starter,49,0.46428571428571425,1.1864406779661016,18.0,7.555555555555555,6,70,497
33,0,Starter,49,0.14942528735632182,10.0,4.0,8.5,6,733,31
34,0,Enterprise,999,0.15757575757575756,1.774891774891775,7.0,6.714285714285714,6,410,137
35,0,Enterprise,999,0.15950920245398773,5.833333333333333,6.0,5.5,6,420,200
36,0,Business,499,0.18181818181818182,1.3948717948717948,3.0,6.0,6,272,696
37,0,Starter,49,0.16993464052287582,2.0714285714285716,4.0,9.0,6,406,40
38,0,Starter,49,0.14857142857142858,2.4358974358974357,8.0,5.0,6,570,4
39,1,Growth,199,0.25,1.6804123711340206,17.0,6.9411764705882355,6,163,6
40,0,Growth,199,0.22413793103448276,1.451851851851852,4.0,7.25,6,196,572
41,0,Starter,49,0.15028901734104047,3.404040404040404,7.0,9.857142857142858,6,674,146
42,0,Growth,199,0.16250000000000003,8.113636363636363,6.0,8.0,6,357,839
43,0,Starter,49,0.155688622754491,2.929936305732484,5.0,8.2,6,460,664
44,0,Enterprise,999,0.174496644295302,2.9215686274509802,7.0,7.714285714285714,6,298,814
45,0,Starter,49,0.15204678362573099,4.02054794520548,5.0,7.0,6,587,185
46,0,Growth,199,0.18978102189781024,1.6983240223463687,3.0,2.0,6,304,895
47,0,Starter,49,0.18181818181818182,1.1890547263681592,4.0,5.75,6,239,78
48,0,Growth,199,0.15853658536585366,6.3375,8.0,10.5,6,507,384
49,0,Growth,199,0.16993464052287582,2.669421487603306,5.0,9.8,6,323,237
50,0,Starter,49,0.16560509554140126,2.7518796992481205,7.0,6.714285714285714,6,366,907
51,0,Enterprise,999,0.14689265536723162,2.6651982378854626,3.0,5.666666666666667,6,605,635
52,0,Business,499,0.14772727272727273,10.0,9.0,8.11111111111111,6,758,449
53,0,Enterprise,999,0.14689265536723164,5.440559440559441,4.0,4.75,6,778,332
54,0,Business,499,0.174496644295302,2.2025316455696204,4.0,7.75,6,348,89
55,1,Growth,199,0.1818181818181818,10.0,13.0,7.3076923076923075,6,254,409
56,0,Enterprise,999,0.14606741573033707,2.978165938864629,3.0,6.333333333333333,6,682,739
57,0,Starter,49,0.17333333333333334,10.0,5.0,3.2,6,349,435
58,0,Starter,49,0.15568862275449102,10.0,6.0,8.166666666666666,6,520,538
59,0,Starter,49,0.15028901734104047,3.0,9.0,5.222222222222222,6,597,158
60,0,Starter,49,0.16666666666666666,10.0,8.0,8.75,6,397,85
61,0,Growth,199,0.15950920245398773,5.736111111111111,4.0,8.0,6,413,174
62,0,Starter,49,0.2222222222222222,3.5084745762711864,8.0,9.0,6,207,93
63,0,Business,499,0.15757575757575756,2.411764705882353,2.0,8.0,6,451,75
64,0,Growth,199,0.23423423423423423,1.0227272727272727,3.0,7.0,6,180,428
65,0,Starter,49,0.14857142857142858,2.753191489361702,7.0,9.428571428571429,6,647,332
66,0,Growth,199,0.1688311688311688,10.0,6.0,11.333333333333334,6,398,108
67,0,Starter,49,0.14772727272727273,10.0,5.0,6.2,6,754,527
68,0,Business,499,0.16049382716049382,2.7096774193548385,4.0,10.5,6,420,387
69,0,Starter,49,0.14942528735632185,4.870967741935484,8.0,5.625,6,755,52
70,0,Enterprise,999,0.14942528735632185,10.0,10.0,8.2,6,543,570
71,0,Business,499,0.14857142857142858,10.0,6.0,8.0,6,651,821
72,0,Starter,49,0.1452513966480447,10.0,6.0,6.166666666666667,6,741,864
73,0,Starter,49,0.19402985074626866,3.0657894736842106,8.0,6.5,6,233,114
74,0,Business,499,0.15384615384615383,3.5944055944055946,4.0,7.25,6,514,158
75,0,Business,499,0.14525139664804468,10.0,6.0,7.5,6,698,707
76,1,Business,499,0.1984732824427481,3.69811320754717,18.0,8.222222222222221,6,196,178
77,0,Business,499,0.14942528735632185,3.213872832369942,6.0,6.666666666666667,6,556,766
78,0,Starter,49,0.15476190476190477,5.079646017699115,11.0,6.0,6,574,243
79,0,Growth,199,0.19847328244274806,1.0707964601769913,1.0,1.0,6,242,274
80,0,Starter,49,0.14525139664804468,10.0,5.0,7.6,6,763,828
81,0,Business,499,0.1511627906976744,2.6842105263157894,7.0,5.285714285714286,6,561,287
82,0,Growth,199,0.1511627906976744,10.0,5.0,6.0,6,581,743
83,0,Starter,49,0.174496644295302,7.7,5.0,5.8,6,308,617
84,0,Starter,49,0.25,2.1447368421052633,7.0,9.714285714285714,6,163,257
85,0,Starter,49,0.15294117647058825,2.289473684210526,8.0,7.125,6,522,194
86,0,Starter,49,0.1688311688311688,1.7725118483412323,9.0,5.444444444444445,6,374,795
87,0,Business,499,0.14942528735632185,10.0,6.0,5.833333333333333,6,654,58
88,0,Growth,199,0.19999999999999998,7.928571428571429,6.0,6.833333333333333,6,222,73
89,0,Business,499,0.1566265060240964,3.6513761467889907,9.0,7.111111111111111,6,398,545
90,0,Growth,199,0.14689265536723164,10.0,6.0,6.333333333333333,6,660,158
91,0,Starter,49,0.14857142857142858,10.0,7.0,6.571428571428571,6,752,290
92,0,Business,499,0.1656050955414013,3.5096153846153846,5.0,5.0,6,365,324
93,0,Business,499,0.1477272727272727,9.628205128205128,4.0,8.5,6,751,501
94,1,Growth,199,0.18055555555555558,6.2727272727272725,9.0,5.0,6,276,255
95,1,Business,499,0.25,2.45,17.0,7.176470588235294,6,147,618
96,0,Growth,199,0.16883116883116883,1.8877551020408163,7.0,7.857142857142857,6,370,822
97,0,Growth,199,0.14942528735632182,10.0,2.0,3.0,6,538,425
98,1,Growth,199,0.18055555555555555,2.112781954887218,18.0,5.444444444444445,6,281,5
99,0,Starter,49,0.14689265536723162,10.0,8.0,7.0,6,796,87
100,1,Starter,49,0.3478260869565218,0.34234234234234234,19.0,6.105263157894737,6,76,124
101,0,Starter,49,0.15476190476190477,2.751592356687898,8.0,7.625,6,432,624
102,0,Growth,199,0.2222222222222222,1.9166666666666667,4.0,7.0,6,207,807
103,1,Starter,49,0.1925925925925926,1.7908496732026145,10.0,7.8,6,274,726
104,0,Growth,199,0.1984732824427481,1.9821428571428572,4.0,8.25,6,222,851
105,0,Enterprise,999,0.19548872180451132,1.139344262295082,5.0,5.2,6,278,6
106,1,Starter,49,0.18181818181818182,1.6988636363636365,7.0,5.285714285714286,6,299,507
107,0,Growth,199,0.15476190476190474,7.986111111111111,7.0,7.428571428571429,6,575,424
108,0,Business,499,0.18571428571428572,1.5568181818181819,6.0,4.0,6,274,298
109,0,Starter,49,0.21848739495798317,2.541176470588235,4.0,6.0,6,216,446
110,0,Starter,49,0.24074074074074073,1.2704918032786885,9.0,5.555555555555555,6,155,800
111,0,Starter,49,0.14772727272727273,10.0,3.0,10.0,6,786,38
112,0,Starter,49,0.1566265060240964,3.455223880597015,5.0,6.4,6,463,77
113,0,Enterprise,999,0.155688622754491,1.954732510288066,10.0,7.2,6,475,501
114,0,Business,499,0.14942528735632185,3.1043478260869564,7.0,8.857142857142858,6,714,370
115,1,Growth,199,0.17687074829931973,3.7662337662337664,12.0,5.583333333333333,6,290,533
116,0,Business,499,0.15028901734104047,3.0045871559633026,1.0,13.0,6,655,667
117,0,Business,499,0.2047244094488189,1.434782608695652,5.0,10.2,6,231,69
118,0,Starter,49,0.14444444444444446,4.274285714285714,3.0,7.666666666666667,6,748,91
119,0,Business,499,0.2653061224489796,0.6213991769547325,5.0,8.0,6,151,51
120,0,Growth,199,0.16249999999999998,4.902777777777778,5.0,8.6,6,353,752
121,0,Business,499,0.1511627906976744,2.835897435897436,4.0,6.0,6,553,733
122,0,Business,499,0.1940298507462687,3.4054054054054053,9.0,9.0,6,252,53
123,1,Starter,49,0.18439716312056736,1.4574468085106382,14.0,7.642857142857143,6,274,475
124,1,Starter,49,0.1953125,1.1444444444444444,11.0,6.818181818181818,6,206,380
125,0,Starter,49,0.16149068322981366,5.231884057971015,7.0,8.857142857142858,6,361,502
126,0,Growth,199,0.14942528735632185,4.347305389221557,2.0,5.0,6,726,834
127,0,Business,499,0.16666666666666666,10.0,7.0,7.142857142857143,6,358,254
128,0,Business,499,0.18309859154929578,1.316831683168317,5.0,4.4,6,266,907
129,1,Starter,49,0.17333333333333334,6.739130434782608,18.0,7.444444444444445,6,310,709
130,0,Growth,199,0.14689265536723162,4.236486486486487,4.0,10.75,6,627,226
131,0,Growth,199,0.1870503597122302,10.0,6.0,6.5,6,254,897
132,0,Starter,49,0.14857142857142858,2.9541284403669725,5.0,7.6,6,644,681
133,0,Starter,49,0.21666666666666667,1.6956521739130435,9.0,7.444444444444445,6,195,339
134,0,Starter,49,0.15568862275449102,5.783132530120482,7.0,8.428571428571429,6,480,715
135,0,Enterprise,999,0.1625,1.553191489361702,5.0,10.4,6,365,346
136,0,Starter,49,0.14942528735632185,3.5810055865921786,5.0,2.4,6,641,357
137,1,Growth,199,0.18978102189781024,2.5157894736842104,10.0,7.5,6,239,525
138,0,Business,499,0.14689265536723164,4.2024539877300615,7.0,10.0,6,685,43
139,0,Growth,199,0.14857142857142858,2.920353982300885,5.0,8.4,6,660,672
140,0,Enterprise,999,0.14689265536723164,2.639130434782609,6.0,8.666666666666666,6,607,660
141,1,Enterprise,999,0.17567567567567569,5.56,7.0,7.857142857142857,6,278,272
142,0,Starter,49,0.14525139664804468,3.261904761904762,3.0,8.333333333333334,6,685,396
143,0,Growth,199,0.1477272727272727,10.0,9.0,3.7777777777777777,6,689,527
144,1,Starter,49,0.2,1.1096491228070176,17.0,6.529411764705882,6,253,745
145,0,Starter,49,0.25490196078431376,2.7049180327868854,9.0,8.777777777777779,6,165,852
146,0,Starter,49,0.14857142857142855,7.659574468085107,4.0,6.5,6,720,602
147,0,Growth,199,0.16149068322981366,6.32258064516129,5.0,3.6,6,392,438
148,0,Growth,199,0.16049382716049385,3.3271028037383177,8.0,6.75,6,356,876
149,0,Starter,49,0.15294117647058825,1.8584070796460177,4.0,3.25,6,420,403
150,0,Starter,49,0.1843971631205674,2.8085106382978724,9.0,7.555555555555555,6,264,805
151,0,Enterprise,999,0.14525139664804468,4.095505617977528,7.0,9.285714285714286,6,729,121
152,0,Starter,49,0.15950920245398775,1.8285714285714285,7.0,8.0,6,448,80
153,0,Starter,49,0.14942528735632185,2.7598253275109172,9.0,6.666666666666667,6,632,870
154,0,Growth,199,0.14857142857142858,3.5686274509803924,3.0,10.0,6,546,507
155,0,Enterprise,999,0.152046783625731,10.0,7.0,9.428571428571429,6,543,500
156,0,Starter,49,0.1925925925925926,1.1727748691099475,5.0,9.0,6,224,237
157,0,Growth,199,0.14689265536723164,3.94375,5.0,5.0,6,631,425
158,1,Business,499,0.33333333333333337,0.970873786407767,17.0,6.588235294117647,6,100,118
159,0,Starter,49,0.15204678362573099,6.371428571428571,3.0,9.0,6,446,17
160,0,Business,499,0.17687074829931973,10.0,4.0,12.0,6,327,844
161,0,Growth,199,0.17218543046357615,3.7142857142857144,6.0,9.833333333333334,6,364,105
162,0,Growth,199,0.15384615384615383,1.8785425101214575,2.0,7.5,6,464,243
163,0,Growth,199,0.23008849557522124,1.0804597701149425,11.0,8.272727272727273,6,188,400
164,0,Growth,199,0.16455696202531647,3.044776119402985,7.0,8.571428571428571,6,408,719
165,0,Starter,49,0.26804123711340205,1.7727272727272727,6.0,6.166666666666667,6,156,432
166,0,Business,499,0.21487603305785127,1.356164383561644,7.0,7.285714285714286,6,198,287
167,0,Starter,49,0.14525139664804468,6.133928571428571,4.0,8.0,6,687,715
168,0,Starter,49,0.174496644295302,1.9135802469135803,6.0,7.833333333333333,6,310,324
169,1,Starter,49,0.3023255813953488,1.2037037037037037,7.0,5.571428571428571,6,130,28
170,0,Growth,199,0.1452513966480447,9.024390243902438,7.0,9.714285714285714,6,740,61
171,0,Growth,199,0.2826086956521739,1.3130434782608695,5.0,7.2,6,151,467
172,0,Starter,49,0.15116279069767444,4.870967741935484,5.0,7.6,6,604,12
173,0,Growth,199,0.14444444444444446,4.480225988700565,4.0,7.0,6,793,226
174,0,Starter,49,0.15950920245398773,2.043269230769231,4.0,7.25,6,425,581
175,0,Growth,199,0.14942528735632185,8.402597402597403,12.0,7.166666666666667,6,647,649
176,1,Starter,49,0.17105263157894737,10.0,11.0,8.090909090909092,6,311,112
177,0,Growth,199,0.2524271844660194,2.8548387096774195,8.0,6.25,6,177,548
178,0,Growth,199,0.15384615384615383,10.0,5.0,8.6,6,482,603
179,0,Enterprise,999,0.25742574257425743,1.1904761904761905,4.0,3.25,6,150,841
180,0,Starter,49,0.17687074829931973,3.036036036036036,11.0,5.7272727272727275,6,337,799
181,0,Starter,49,0.20833333333333334,1.0904255319148937,10.0,8.1,6,205,18
182,0,Starter,49,0.14942528735632182,6.5046728971962615,4.0,10.25,6,696,316
183,0,Enterprise,999,0.1911764705882353,1.5174418604651163,4.0,9.75,6,261,533
184,0,Business,499,0.15568862275449102,2.25,6.0,6.5,6,459,904
185,0,Starter,49,0.22608695652173916,3.7,8.0,6.875,6,185,252
186,0,Growth,199,0.14857142857142855,10.0,1.0,12.0,6,588,108
187,0,Business,499,0.14606741573033707,3.100418410041841,6.0,11.0,6,741,47
188,0,Growth,199,0.14606741573033707,10.0,3.0,7.333333333333333,6,744,724
189,0,Growth,199,0.14525139664804468,2.9274193548387095,4.0,7.25,6,726,191
190,0,Starter,49,0.1566265060240964,2.184331797235023,3.0,6.0,6,474,225
191,0,Starter,49,0.14689265536723162,3.371794871794872,5.0,8.8,6,789,61
192,0,Business,499,0.15384615384615383,3.8,5.0,6.4,6,456,665
193,0,Enterprise,999,0.14606741573033707,3.1045454545454545,7.0,7.285714285714286,6,683,510
194,1,Growth,199,0.18840579710144928,1.8606060606060606,13.0,6.0,6,307,482
195,1,Starter,49,0.3291139240506329,0.8803418803418803,15.0,8.533333333333333,6,103,541
196,0,Starter,49,0.15294117647058825,8.015384615384615,10.0,5.2,6,521,792
197,0,Business,499,0.152046783625731,5.883720930232558,5.0,3.6,6,506,490
198,1,Business,499,0.27777777777777773,3.3,11.0,8.090909090909092,6,132,73
199,0,Business,499,0.14857142857142858,4.902912621359223,1.0,5.0,6,505,678
200,0,Business,499,0.19999999999999998,10.0,7.0,4.714285714285714,6,217,675
201,0,Growth,199,0.15662650602409642,4.955056179775281,4.0,7.75,6,441,268
202,0,Starter,49,0.16883116883116883,2.972972972972973,3.0,8.0,6,330,70
203,0,Starter,49,0.14525139664804468,2.8211009174311927,5.0,6.6,6,615,816
204,0,Business,499,0.14772727272727273,2.4703389830508473,7.0,6.428571428571429,6,583,260
205,0,Growth,199,0.14942528735632185,2.736607142857143,4.0,7.0,6,613,5
206,0,Starter,49,0.14772727272727273,5.377952755905512,6.0,5.666666666666667,6,683,18
207,0,Starter,49,0.19548872180451127,2.654320987654321,3.0,8.0,6,215,903
208,0,Growth,199,0.24299065420560748,1.1971830985915493,3.0,5.333333333333333,6,170,307
209,0,Starter,49,0.14444444444444443,5.89922480620155,2.0,12.0,6,761,64
210,0,Starter,49,0.15028901734104044,4.594827586206897,5.0,5.4,6,533,572
211,0,Growth,199,0.1460674157303371,7.346153846153846,2.0,11.0,6,764,158
212,0,Growth,199,0.14772727272727273,3.7263157894736842,1.0,7.0,6,708,390
213,0,Growth,199,0.20967741935483872,0.7833333333333333,7.0,8.428571428571429,6,188,656
214,0,Starter,49,0.16049382716049382,1.8312236286919832,10.0,6.9,6,434,714
215,0,Business,499,0.14606741573033707,10.0,5.0,8.0,6,751,300
216,0,Starter,49,0.14689265536723164,3.3008849557522124,4.0,7.5,6,746,247
217,0,Starter,49,0.15568862275449102,10.0,3.0,5.666666666666667,6,485,195
218,0,Business,499,0.17333333333333334,3.8295454545454546,5.0,7.0,6,337,508
219,1,Growth,199,0.24761904761904763,1.7727272727272727,12.0,7.333333333333333,6,156,584
220,0,Business,499,0.203125,2.9210526315789473,5.0,7.2,6,222,388
221,0,Growth,199,0.14689265536723164,2.8807339449541285,3.0,6.0,6,628,258
222,0,Growth,199,0.1452513966480447,10.0,4.0,4.0,6,710,785
223,1,Starter,49,0.35714285714285715,0.4032258064516129,16.0,7.1875,6,100,75
224,0,Growth,199,0.15028901734104047,3.8771929824561404,4.0,6.75,6,663,369
225,0,Starter,49,0.17567567567567569,1.6414141414141414,5.0,7.8,6,325,806
226,0,Starter,49,0.15950920245398773,6.910714285714286,5.0,7.2,6,387,864
227,0,Enterprise,999,0.21138211382113822,3.1515151515151514,6.0,5.5,6,208,881
228,0,Growth,199,0.18181818181818182,1.4090909090909092,4.0,9.75,6,248,716
229,0,Business,499,0.14525139664804468,5.193548387096774,5.0,9.6,6,644,735
230,1,Growth,199,0.17931034482758623,5.638297872340425,16.0,7.8125,6,265,514
231,1,Business,499,0.23214285714285715,2.119047619047619,9.0,6.666666666666667,6,178,735
232,0,Growth,199,0.16455696202531647,1.487603305785124,13.0,8.23076923076923,6,360,745
233,1,Growth,199,0.3170731707317073,1.0188679245283019,11.0,6.818181818181818,6,108,428
234,0,Growth,199,0.174496644295302,2.423076923076923,5.0,8.2,6,378,604
235,0,Starter,49,0.14689265536723164,4.060109289617486,6.0,6.166666666666667,6,743,535
236,0,Business,499,0.15116279069767444,2.581730769230769,3.0,9.666666666666666,6,537,444
237,0,Starter,49,0.17567567567567569,3.10752688172043,3.0,7.0,6,289,33
238,0,Starter,49,0.15204678362573099,3.9655172413793105,6.0,7.333333333333333,6,690,85
239,0,Growth,199,0.15476190476190477,4.029850746268656,9.0,5.0,6,540,337
240,0,Starter,49,0.15757575757575756,1.8873873873873874,5.0,8.4,6,419,382
241,0,Enterprise,999,0.25742574257425743,5.03125,6.0,4.666666666666667,6,161,260
242,0,Enterprise,999,0.14942528735632182,3.2215568862275448,2.0,8.5,6,538,239
243,1,Enterprise,999,0.22413793103448273,1.6724137931034482,12.0,6.833333333333333,6,194,198
244,0,Growth,199,0.14857142857142858,4.04320987654321,3.0,8.333333333333334,6,655,639
245,0,Starter,49,0.1984732824427481,2.056451612903226,4.0,5.25,6,255,76
246,0,Enterprise,999,0.24074074074074073,2.0804597701149423,3.0,8.666666666666666,6,181,236
247,1,Growth,199,0.4,1.1710526315789473,9.0,5.555555555555555,6,89,531
248,0,Enterprise,999,0.1688311688311688,1.6243654822335025,6.0,6.833333333333333,6,320,212
249,0,Enterprise,999,0.21487603305785122,2.3956043956043955,5.0,7.2,6,218,191
250,0,Business,499,0.1511627906976744,2.3018018018018016,5.0,6.6,6,511,868
251,0,Starter,49,0.14606741573033707,6.186046511627907,6.0,6.333333333333333,6,798,408
252,0,Growth,199,0.152046783625731,2.784688995215311,3.0,3.6666666666666665,6,582,583
253,0,Business,499,0.18309859154929578,3.276315789473684,7.0,8.571428571428571,6,249,511
254,0,Starter,49,0.25490196078431376,1.1532846715328466,12.0,7.5,6,158,483
255,1,Starter,49,0.18978102189781024,4.378787878787879,13.0,6.461538461538462,6,289,616
256,0,Growth,199,0.21311475409836067,1.2108843537414966,6.0,5.0,6,178,281
257,0,Enterprise,999,0.18571428571428572,1.5470588235294118,5.0,7.2,6,263,539
258,0,Growth,199,0.14772727272727273,2.9516908212560384,6.0,6.333333333333333,6,611,150
259,0,Growth,199,0.18309859154929578,3.65,4.0,6.75,6,292,886
260,0,Starter,49,0.15568862275449102,2.9615384615384617,4.0,5.0,6,539,568
261,0,Growth,199,0.14606741573033707,4.488505747126437,6.0,5.5,6,781,535
262,0,Enterprise,999,0.17449664429530198,2.4285714285714284,4.0,5.0,6,306,9
263,0,Starter,49,0.15568862275449102,4.283185840707965,8.0,8.875,6,484,53
264,0,Growth,199,0.16455696202531647,4.3052631578947365,5.0,10.2,6,409,58
265,0,Business,499,0.2047244094488189,2.783132530120482,8.0,10.5,6,231,208
266,0,Business,499,0.15384615384615385,10.0,5.0,8.8,6,590,522
267,0,Growth,199,0.1780821917808219,9.17142857142857,4.0,7.5,6,321,613
268,0,Business,499,0.16455696202531644,7.037037037037037,7.0,7.571428571428571,6,380,80
269,0,Growth,199,0.20800000000000002,2.986666666666667,12.0,6.083333333333333,6,224,576
270,0,Starter,49,0.15853658536585363,10.0,6.0,7.166666666666667,6,419,98
271,0,Business,499,0.1460674157303371,10.0,7.0,4.571428571428571,6,775,611
272,0,Business,499,0.20634920634920637,2.573170731707317,8.0,6.75,6,211,352
273,0,Business,499,0.16149068322981366,6.253333333333333,9.0,8.0,6,469,891
274,0,Enterprise,999,0.20155038759689922,1.7191780821917808,8.0,6.125,6,251,842
275,0,Growth,199,0.15384615384615385,3.4404761904761907,7.0,5.571428571428571,6,578,459
276,0,Growth,199,0.16774193548387098,1.7719298245614035,6.0,7.666666666666667,6,404,150
277,0,Business,499,0.14857142857142858,5.448,6.0,5.5,6,681,893
278,1,Growth,199,0.17687074829931973,3.119565217391304,12.0,7.583333333333333,6,287,169
279,0,Business,499,0.18840579710144928,3.782608695652174,4.0,4.5,6,261,626
280,0,Business,499,0.155688622754491,2.1488372093023256,5.0,7.4,6,462,170
281,0,Business,499,0.15116279069767444,4.6923076923076925,6.0,7.333333333333333,6,610,811
282,0,Starter,49,0.15028901734104047,10.0,7.0,10.285714285714286,6,611,797
283,0,Growth,199,0.20312499999999997,9.26923076923077,4.0,4.75,6,241,681
284,0,Starter,49,0.2222222222222222,1.3673469387755102,13.0,7.846153846153846,6,201,527
285,0,Growth,199,0.14772727272727273,3.2955665024630543,7.0,5.714285714285714,6,669,266
286,0,Starter,49,0.18840579710144928,2.058333333333333,7.0,5.714285714285714,6,247,101
287,0,Growth,199,0.16666666666666666,1.711111111111111,5.0,4.6,6,385,225
288,0,Growth,199,0.15476190476190477,3.486666666666667,8.0,7.875,6,523,246
289,0,Starter,49,0.14857142857142858,2.9554655870445345,5.0,6.6,6,730,819
290,1,Growth,199,0.1733333333333333,3.9166666666666665,12.0,5.75,6,282,590
291,0,Starter,49,0.14689265536723164,10.0,6.0,8.5,6,798,786
292,0,Starter,49,0.1625,8.511111111111111,6.0,6.166666666666667,6,383,642
293,0,Business,499,0.2280701754385965,1.5083333333333333,5.0,8.6,6,181,908
294,0,Growth,199,0.15853658536585366,10.0,5.0,5.8,6,438,183
295,0,Starter,49,0.14942528735632185,4.254054054054054,5.0,7.2,6,787,553
296,0,Growth,199,0.14525139664804468,10.0,4.0,6.5,6,728,473
297,0,Business,499,0.14689265536723164,3.354368932038835,7.0,8.142857142857142,6,691,550
298,0,Starter,49,0.18181818181818182,7.735294117647059,11.0,6.2727272727272725,6,263,605
299,0,Growth,199,0.16455696202531644,2.0764705882352943,6.0,6.333333333333333,6,353,67
300,0,Starter,49,0.21551724137931036,0.8240740740740741,6.0,5.833333333333333,6,178,681
301,0,Starter,49,0.1460674157303371,10.0,3.0,11.666666666666666,6,792,692
302,0,Growth,199,0.14857142857142858,3.968152866242038,6.0,7.0,6,623,655
303,0,Growth,199,0.16455696202531644,3.4358974358974357,3.0,8.333333333333334,6,402,28
304,0,Growth,199,0.15028901734104047,2.955801104972376,8.0,4.875,6,535,719
305,0,Business,499,0.21311475409836067,0.8577235772357723,3.0,5.333333333333333,6,211,440
306,1,Enterprise,999,0.1954887218045113,2.264957264957265,7.0,7.0,6,265,490
307,0,Growth,199,0.15028901734104047,2.4956896551724137,5.0,9.8,6,579,788
308,0,Starter,49,0.14444444444444443,4.584905660377358,7.0,8.428571428571429,6,729,241
309,0,Business,499,0.14772727272727273,10.0,4.0,7.5,6,686,524
310,0,Starter,49,0.18571428571428575,1.45,6.0,5.333333333333333,6,290,557
311,0,Growth,199,0.15384615384615383,2.245,6.0,8.333333333333334,6,449,494
312,0,Starter,49,0.15757575757575756,3.3576642335766422,10.0,7.5,6,460,640
313,0,Starter,49,0.14857142857142855,10.0,7.0,6.142857142857143,6,620,226
314,0,Enterprise,999,0.15294117647058825,3.245508982035928,2.0,5.0,6,542,3
315,0,Business,499,0.14689265536723164,6.328,8.0,7.875,6,791,149
316,0,Growth,199,0.14772727272727273,6.6,3.0,8.666666666666666,6,594,372
317,0,Growth,199,0.17218543046357615,1.4330357142857142,8.0,7.0,6,321,414
318,0,Starter,49,0.14772727272727273,6.590909090909091,7.0,5.714285714285714,6,725,663
319,0,Starter,49,0.22033898305084743,1.0344827586206897,6.0,8.166666666666666,6,180,143
320,1,Starter,49,0.34782608695652173,0.6446280991735537,19.0,7.947368421052632,6,78,290
321,0,Growth,199,0.18309859154929578,4.043478260869565,7.0,5.428571428571429,6,279,776
322,0,Business,499,0.15568862275449102,2.48019801980198,6.0,7.333333333333333,6,501,410
323,0,Growth,199,0.14606741573033707,4.456647398843931,4.0,7.5,6,771,285
324,0,Starter,49,0.14525139664804468,6.636363636363637,3.0,6.333333333333333,6,730,70
325,0,Enterprise,999,0.20634920634920634,1.510948905109489,6.0,6.666666666666667,6,207,828
326,1,Business,499,0.3132530120481928,0.6181818181818182,17.0,8.411764705882353,6,102,350
327,0,Growth,199,0.15384615384615385,8.403508771929825,8.0,8.625,6,479,226
328,0,Growth,199,0.15384615384615385,2.1983471074380163,4.0,10.5,6,532,498
329,0,Growth,199,0.1793103448275862,1.3521739130434782,9.0,5.111111111111111,6,311,465
330,0,Starter,49,0.16149068322981366,10.0,6.0,7.166666666666667,6,435,160
331,0,Growth,199,0.21311475409836064,2.619047619047619,8.0,7.0,6,220,541
332,0,Business,499,0.15204678362573099,4.13013698630137,5.0,7.8,6,603,57
333,0,Starter,49,0.14772727272727273,10.0,6.0,10.5,6,716,279
334,0,Starter,49,0.15028901734104044,2.210526315789474,8.0,7.25,6,546,736
335,0,Starter,49,0.14772727272727273,5.03030303030303,5.0,8.2,6,664,730
336,0,Starter,49,0.23214285714285715,1.5765765765765767,8.0,7.0,6,175,459
337,0,Business,499,0.155688622754491,6.895522388059701,11.0,6.2727272727272725,6,462,163
338,0,Business,499,0.18055555555555558,2.6699029126213594,5.0,6.4,6,275,203
339,0,Growth,199,0.1511627906976744,2.4646017699115044,7.0,7.428571428571429,6,557,616
340,0,Starter,49,0.14772727272727273,3.5346534653465347,8.0,5.375,6,714,804
341,0,Growth,199,0.16774193548387095,1.4221311475409837,4.0,7.75,6,347,268
342,0,Growth,199,0.17218543046357615,1.5674418604651164,6.0,6.833333333333333,6,337,124
343,0,Starter,49,0.15028901734104044,3.331578947368421,5.0,8.4,6,633,909
344,1,Growth,199,0.196969696969697,1.0575221238938053,16.0,6.0,6,239,449
345,1,Growth,199,0.18840579710144925,1.8873239436619718,8.0,6.875,6,268,682
346,0,Growth,199,0.1566265060240964,5.588888888888889,7.0,6.142857142857143,6,503,160
347,0,Growth,199,0.14689265536723164,6.1652892561983474,3.0,6.666666666666667,6,746,55
348,0,Starter,49,0.19402985074626866,1.360655737704918,5.0,5.2,6,249,413
349,0,Growth,199,0.14689265536723164,10.0,3.0,5.333333333333333,6,765,542
350,0,Growth,199,0.14857142857142858,8.220930232558139,10.0,8.2,6,707,274
351,0,Growth,199,0.14525139664804468,6.844660194174757,9.0,8.11111111111111,6,705,178
352,0,Business,499,0.1566265060240964,10.0,5.0,8.0,6,427,676
353,0,Growth,199,0.1452513966480447,3.4140969162995596,5.0,8.6,6,775,716
354,0,Starter,49,0.14525139664804468,10.0,6.0,9.666666666666666,6,640,757
355,0,Starter,49,0.16455696202531644,10.0,6.0,7.333333333333333,6,404,95
356,1,Growth,199,0.2241379310344828,0.933920704845815,15.0,6.533333333333333,6,212,689
357,0,Starter,49,0.14689265536723164,5.528,5.0,8.0,6,691,673
358,0,Growth,199,0.16049382716049385,2.518292682926829,7.0,8.142857142857142,6,413,501
359,0,Enterprise,999,0.14857142857142858,3.403587443946188,5.0,9.0,6,759,295
360,0,Growth,199,0.15384615384615385,1.9196787148594376,6.0,5.666666666666667,6,478,402
361,0,Growth,199,0.2,1.1578947368421053,10.0,6.7,6,264,421
362,0,Growth,199,0.15384615384615385,2.607361963190184,3.0,6.333333333333333,6,425,72
363,0,Growth,199,0.14942528735632185,3.8373493975903616,5.0,7.8,6,637,806
364,0,Growth,199,0.1604938271604938,2.193877551020408,6.0,5.333333333333333,6,430,466
365,0,Enterprise,999,0.15853658536585366,10.0,4.0,6.75,6,424,772
366,0,Growth,199,0.15384615384615383,10.0,9.0,7.333333333333333,6,477,756
367,1,Enterprise,999,0.2857142857142857,9.0,9.0,6.444444444444445,6,144,447
368,0,Enterprise,999,0.14942528735632185,8.7625,5.0,5.6,6,701,409
369,0,Starter,49,0.23636363636363636,1.5217391304347827,6.0,9.0,6,175,356
370,0,Starter,49,0.23008849557522124,1.2571428571428571,9.0,8.0,6,176,686
371,0,Starter,49,0.203125,4.833333333333333,6.0,9.166666666666666,6,232,272
372,0,Starter,49,0.14857142857142855,3.4906832298136647,8.0,6.5,6,562,641
373,0,Starter,49,0.17567567567567569,2.393939393939394,4.0,7.5,6,316,318
374,0,Growth,199,0.18055555555555558,4.96875,3.0,10.666666666666666,6,318,7
375,1,Starter,49,0.26804123711340205,1.2377049180327868,6.0,5.833333333333333,6,151,196
376,0,Starter,49,0.1452513966480447,3.225531914893617,3.0,6.0,6,758,516
377,0,Business,499,0.15294117647058822,2.898876404494382,6.0,8.166666666666666,6,516,190
378,0,Starter,49,0.14857142857142858,10.0,9.0,5.777777777777778,6,677,63
379,0,Business,499,0.14444444444444446,5.135483870967742,6.0,6.333333333333333,6,796,226
380,0,Starter,49,0.14689265536723164,3.7955801104972378,9.0,7.333333333333333,6,687,448
381,0,Starter,49,0.14772727272727273,3.0452488687782804,6.0,7.833333333333333,6,673,524
382,0,Growth,199,0.2113821138211382,2.145631067961165,12.0,6.333333333333333,6,221,443
383,1,Growth,199,0.16993464052287585,4.876923076923077,11.0,7.818181818181818,6,317,162
384,0,Business,499,0.1870503597122302,1.6776315789473684,6.0,8.833333333333334,6,255,320
385,0,Business,499,0.16149068322981366,10.0,8.0,6.75,6,431,453
386,0,Business,499,0.18439716312056736,10.0,6.0,8.5,6,282,298
387,0,Starter,49,0.1452513966480447,2.869747899159664,7.0,7.428571428571429,6,683,33
388,0,Starter,49,0.16352201257861634,2.0591133004926108,12.0,7.75,6,418,141
389,0,Business,499,0.15028901734104047,9.19672131147541,4.0,7.5,6,561,555
390,0,Business,499,0.14689265536723162,4.314606741573034,5.0,4.4,6,768,617
391,0,Enterprise,999,0.23214285714285715,0.7076271186440678,5.0,5.4,6,167,700
392,0,Growth,199,0.18181818181818185,1.2912621359223302,7.0,4.0,6,266,851
393,0,Growth,199,0.18705035971223022,1.9150326797385622,4.0,9.0,6,293,228
394,1,Business,499,0.1857142857142857,10.0,12.0,7.833333333333333,6,280,346
395,0,Starter,49,0.14942528735632185,2.913265306122449,8.0,6.0,6,571,454
396,0,Enterprise,999,0.14772727272727273,9.25,4.0,7.25,6,518,267
397,0,Business,499,0.1452513966480447,5.678571428571429,7.0,6.0,6,795,707
398,0,Growth,199,0.14857142857142858,3.2580645161290325,4.0,5.75,6,707,133
399,1,Business,499,0.390625,0.3319327731092437,16.0,8.875,6,79,657
400,0,Business,499,0.1870503597122302,1.3010204081632653,1.0,5.0,6,255,164
401,0,Starter,49,0.16666666666666669,2.943548387096774,8.0,7.0,6,365,386
402,0,Enterprise,999,0.15028901734104047,2.898989898989899,8.0,5.5,6,574,796
403,0,Growth,199,0.1984732824427481,1.0,6.0,7.833333333333333,6,221,562
404,0,Business,499,0.15116279069767444,10.0,6.0,6.5,6,595,47
405,0,Starter,49,0.15950920245398773,4.652777777777778,9.0,8.555555555555555,6,335,300
406,1,Business,499,0.352112676056338,0.71900826446281,17.0,6.235294117647059,6,87,79
407,0,Growth,199,0.17333333333333334,1.9415584415584415,6.0,4.666666666666667,6,299,340
408,0,Starter,49,0.16774193548387098,10.0,4.0,7.75,6,395,321
409,0,Enterprise,999,0.14689265536723164,10.0,3.0,4.0,6,687,549
410,0,Starter,49,0.20155038759689925,1.0376569037656904,8.0,10.0,6,248,40
411,0,Starter,49,0.155688622754491,2.55688622754491,4.0,7.0,6,427,569
412,0,Enterprise,999,0.14772727272727276,4.16374269005848,4.0,5.25,6,712,191
413,0,Enterprise,999,0.14857142857142858,10.0,7.0,8.571428571428571,6,604,278
414,0,Growth,199,0.1954887218045113,3.0853658536585367,10.0,7.7,6,253,842
415,0,Growth,199,0.14606741573033707,10.0,8.0,7.5,6,750,147
416,0,Growth,199,0.16993464052287582,3.673076923076923,4.0,7.25,6,382,548
417,0,Starter,49,0.15294117647058825,3.085227272727273,7.0,7.714285714285714,6,543,208
418,0,Starter,49,0.14689265536723164,4.193548387096774,11.0,7.2727272727272725,6,650,73
419,0,Growth,199,0.16049382716049382,2.3255813953488373,11.0,4.2727272727272725,6,400,672
420,1,Business,499,0.18439716312056736,1.654320987654321,11.0,10.0,6,268,759
421,0,Business,499,0.20312499999999997,10.0,7.0,6.285714285714286,6,228,279
422,0,Business,499,0.203125,1.7033898305084745,6.0,6.666666666666667,6,201,337
423,0,Starter,49,0.16455696202531647,1.6816143497757847,2.0,7.0,6,375,222
424,0,Growth,199,0.21666666666666667,1.1111111111111112,6.0,4.833333333333333,6,200,349
425,0,Starter,49,0.17218543046357615,10.0,7.0,6.142857142857143,6,335,342
426,1,Growth,199,0.456140350877193,1.3773584905660377,14.0,7.071428571428571,6,73,294
427,0,Growth,199,0.19117647058823525,10.0,11.0,6.909090909090909,6,280,723
428,0,Business,499,0.14689265536723164,10.0,8.0,7.875,6,781,583
429,0,Growth,199,0.14772727272727273,10.0,4.0,6.5,6,592,394
430,0,Starter,49,0.15028901734104047,10.0,5.0,8.8,6,581,35
431,1,Starter,49,0.18181818181818182,1.664516129032258,9.0,5.333333333333333,6,258,52
432,0,Business,499,0.14857142857142858,6.202247191011236,5.0,7.6,6,552,577
433,0,Growth,199,0.1575757575757576,6.293333333333333,8.0,6.5,6,472,683
434,1,Starter,49,0.26,1.0,17.0,7.529411764705882,6,143,688
435,1,Starter,49,0.18571428571428572,9.242424242424242,10.0,8.0,6,305,523
436,0,Business,499,0.15476190476190477,10.0,6.0,5.5,6,478,872
437,0,Starter,49,0.15204678362573099,3.361290322580645,5.0,7.6,6,521,356
438,0,Business,499,0.15204678362573099,10.0,4.0,6.5,6,609,410
439,0,Business,499,0.1780821917808219,7.621621621621622,8.0,8.375,6,282,500
440,0,Starter,49,0.18439716312056736,1.3846153846153846,6.0,7.333333333333333,6,270,259
441,1,Starter,49,0.17687074829931973,2.53781512605042,9.0,5.666666666666667,6,302,814
442,0,Enterprise,999,0.15028901734104044,5.008333333333334,6.0,3.8333333333333335,6,601,350
443,0,Growth,199,0.17808219178082194,1.125506072874494,7.0,5.428571428571429,6,278,130
444,1,Growth,199,0.3287671232876712,0.7868852459016393,10.0,3.9,6,96,845
445,0,Business,499,0.1460674157303371,5.929133858267717,6.0,10.333333333333334,6,753,864
446,0,Enterprise,999,0.14689265536723164,4.022222222222222,7.0,5.428571428571429,6,724,289
447,0,Enterprise,999,0.2280701754385965,0.9518716577540107,1.0,11.0,6,178,745
448,0,Business,499,0.14857142857142858,2.8638297872340424,11.0,8.090909090909092,6,673,223
449,0,Growth,199,0.15476190476190474,3.0125,6.0,4.5,6,482,787
450,0,Starter,49,0.16560509554140126,10.0,5.0,10.8,6,446,682
451,0,Business,499,0.17931034482758623,2.735294117647059,8.0,7.25,6,279,485
452,0,Growth,199,0.15950920245398773,3.652892561983471,6.0,8.5,6,442,88
453,0,Growth,199,0.17218543046357612,10.0,6.0,6.833333333333333,6,322,127
454,0,Enterprise,999,0.22033898305084745,1.5043478260869565,8.0,5.25,6,173,735
455,0,Starter,49,0.20155038759689925,2.2545454545454544,9.0,6.666666666666667,6,248,211
456,1,Growth,199,0.20155038759689922,2.074766355140187,15.0,8.2,6,222,386
457,0,Starter,49,0.15568862275449102,5.9411764705882355,8.0,6.625,6,505,266
458,0,Growth,199,0.1857142857142857,1.6457142857142857,10.0,5.6,6,288,250
459,0,Starter,49,0.14772727272727273,2.6184738955823295,5.0,4.0,6,652,517
460,0,Starter,49,0.17567567567567569,10.0,8.0,5.5,6,323,675
461,1,Starter,49,0.4067796610169491,2.5357142857142856,12.0,6.583333333333333,6,71,771
462,0,Growth,199,0.152046783625731,3.3076923076923075,3.0,5.666666666666667,6,645,242
463,0,Business,499,0.152046783625731,3.401360544217687,11.0,7.090909090909091,6,500,334
464,0,Growth,199,0.1477272727272727,3.9943181818181817,2.0,9.5,6,703,819
465,0,Enterprise,999,0.16049382716049382,4.71578947368421,4.0,6.25,6,448,723
466,0,Growth,199,0.16352201257861637,4.371794871794871,6.0,5.666666666666667,6,341,255
467,0,Starter,49,0.20967741935483872,6.870967741935484,9.0,7.777777777777778,6,213,427
468,0,Business,499,0.16883116883116883,8.272727272727273,4.0,6.5,6,364,15
469,1,Starter,49,0.27083333333333337,0.5701357466063348,14.0,7.071428571428571,6,126,163
470,1,Enterprise,999,0.18055555555555558,1.248868778280543,16.0,8.125,6,276,744
471,0,Starter,49,0.1656050955414013,10.0,5.0,8.8,6,381,48
472,0,Enterprise,999,0.14606741573033707,3.2701421800947865,6.0,9.0,6,690,480
473,0,Starter,49,0.1625,2.15,4.0,3.0,6,344,246
474,0,Business,499,0.14689265536723164,10.0,1.0,13.0,6,655,497
475,1,Growth,199,0.22033898305084745,0.8041666666666667,12.0,6.166666666666667,6,193,488
476,0,Enterprise,999,0.1575757575757576,10.0,6.0,8.833333333333334,6,453,385
477,0,Starter,49,0.15028901734104047,3.9328859060402683,4.0,8.5,6,586,631
478,0,Growth,199,0.15384615384615385,10.0,3.0,9.0,6,472,290
479,0,Enterprise,999,0.14857142857142858,3.3214285714285716,3.0,5.333333333333333,6,651,865
480,0,Growth,199,0.14942528735632185,5.366336633663367,4.0,6.25,6,542,88
481,0,Growth,199,0.14606741573033707,8.130434782608695,6.0,7.333333333333333,6,748,260
482,0,Growth,199,0.1843971631205674,3.5476190476190474,10.0,4.0,6,298,668
483,0,Growth,199,0.14942528735632185,2.398268398268398,5.0,3.6,6,554,409
484,0,Growth,199,0.15662650602409636,9.6,6.0,8.833333333333334,6,432,831
485,0,Growth,199,0.15294117647058825,6.905405405405405,9.0,8.0,6,511,835
486,0,Enterprise,999,0.15028901734104047,4.093023255813954,10.0,7.0,6,528,224
487,0,Starter,49,0.16883116883116883,4.6891891891891895,8.0,6.25,6,347,226
488,0,Starter,49,0.14606741573033707,7.580645161290323,8.0,7.125,6,705,578
489,0,Enterprise,999,0.15204678362573099,6.558441558441558,4.0,6.0,6,505,245
490,0,Business,499,0.14857142857142858,10.0,5.0,7.2,6,689,157
491,0,Growth,199,0.15116279069767444,3.6582278481012658,8.0,8.75,6,578,570
492,1,Growth,199,0.46296296296296297,1.1578947368421053,17.0,6.764705882352941,6,66,827
493,0,Starter,49,0.14606741573033707,3.9203980099502487,2.0,8.0,6,788,444
494,0,Starter,49,0.14772727272727273,6.6835443037974684,7.0,6.714285714285714,6,528,699
495,0,Growth,199,0.14942528735632182,10.0,6.0,5.333333333333333,6,655,403
496,0,Growth,199,0.2,4.591836734693878,2.0,12.5,6,225,140
497,0,Growth,199,0.16666666666666666,2.6950354609929077,11.0,6.636363636363637,6,380,712
498,0,Starter,49,0.16774193548387098,10.0,4.0,9.25,6,397,555
499,1,Enterprise,999,0.21487603305785122,1.5517241379310345,7.0,7.142857142857143,6,180,296
500,1,Enterprise,999,0.27083333333333337,0.6041666666666666,14.0,6.642857142857143,6,145,883
501,0,Growth,199,0.17333333333333334,2.0197368421052633,7.0,3.142857142857143,6,307,792
502,0,Growth,199,0.21138211382113822,1.1720430107526882,5.0,8.6,6,218,246
503,0,Starter,49,0.1511627906976744,10.0,1.0,4.0,6,542,264
504,0,Business,499,0.19696969696969696,2.659090909090909,6.0,8.5,6,234,283
505,1,Growth,199,0.2385321100917431,0.7649769585253456,12.0,6.25,6,166,646
506,0,Starter,49,0.21487603305785122,1.8793103448275863,9.0,7.777777777777778,6,218,350
507,0,Enterprise,999,0.1452513966480447,6.551724137931035,4.0,3.0,6,760,748
508,0,Business,499,0.15568862275449102,4.679245283018868,8.0,6.75,6,496,290
509,0,Enterprise,999,0.14857142857142858,9.37704918032787,8.0,7.625,6,572,431
510,0,Business,499,0.14772727272727273,10.0,11.0,6.0,6,755,395
511,1,Growth,199,0.2765957446808511,0.9214285714285714,9.0,5.777777777777778,6,129,119
512,0,Growth,199,0.18181818181818185,1.11864406779661,6.0,6.5,6,264,120
513,0,Enterprise,999,0.16666666666666669,1.931937172774869,9.0,5.555555555555555,6,369,370
514,0,Business,499,0.22807017543859648,5.806451612903226,8.0,5.375,6,180,683
515,1,Starter,49,0.19402985074626863,4.872727272727273,15.0,6.533333333333333,6,268,685
516,0,Starter,49,0.15476190476190474,2.472361809045226,8.0,7.125,6,492,643
517,0,Growth,199,0.15116279069767444,2.120967741935484,8.0,6.0,6,526,795
518,0,Business,499,0.18181818181818182,1.4090909090909092,7.0,5.428571428571429,6,279,145
519,1,Enterprise,999,0.18439716312056734,1.7094972067039107,11.0,8.0,6,306,37
520,0,Starter,49,0.14689265536723164,3.0442477876106193,4.0,9.0,6,688,36
521,0,Growth,199,0.24761904761904763,1.2905982905982907,9.0,5.777777777777778,6,151,421
522,0,Growth,199,0.18571428571428572,2.1186440677966103,5.0,8.2,6,250,806
523,0,Enterprise,999,0.14689265536723164,4.371794871794871,2.0,5.0,6,682,442
524,0,Business,499,0.21311475409836064,1.544776119402985,4.0,8.75,6,207,825
525,0,Business,499,0.15294117647058822,4.373983739837398,2.0,2.0,6,538,797
526,0,Growth,199,0.15204678362573099,10.0,13.0,5.461538461538462,6,490,210
527,0,Growth,199,0.23636363636363636,7.041666666666667,8.0,5.125,6,169,340
528,0,Starter,49,0.16560509554140126,3.2845528455284554,5.0,9.8,6,404,772
529,0,Starter,49,0.15757575757575756,3.8833333333333333,8.0,7.375,6,466,11
530,0,Business,499,0.22222222222222224,2.1494252873563218,6.0,7.166666666666667,6,187,24
531,0,Business,499,0.14689265536723164,2.744,6.0,6.166666666666667,6,686,174
532,0,Enterprise,999,0.15116279069767444,10.0,2.0,4.0,6,535,816
533,0,Enterprise,999,0.14689265536723164,5.835820895522388,10.0,7.9,6,782,379
534,0,Growth,199,0.24074074074074076,2.573529411764706,7.0,8.285714285714286,6,175,644
535,0,Business,499,0.15384615384615383,4.338129496402877,4.0,9.25,6,603,232
536,0,Enterprise,999,0.15950920245398775,4.816326530612245,9.0,6.444444444444445,6,472,100
537,0,Business,499,0.14857142857142858,6.365384615384615,6.0,10.5,6,662,333
538,1,Starter,49,0.46428571428571425,0.3595505617977528,11.0,5.909090909090909,6,64,277
539,1,Growth,199,0.1780821917808219,10.0,16.0,8.125,6,283,831
540,0,Starter,49,0.15384615384615385,3.5374149659863945,6.0,7.333333333333333,6,520,400
541,0,Enterprise,999,0.15757575757575756,6.3768115942028984,6.0,8.166666666666666,6,440,312
542,0,Growth,199,0.15294117647058825,10.0,4.0,7.5,6,481,679
543,0,Starter,49,0.14525139664804468,3.1589958158995817,10.0,7.1,6,755,7
544,0,Growth,199,0.15853658536585366,2.383720930232558,5.0,5.0,6,410,369
545,0,Growth,199,0.16774193548387095,2.254777070063694,3.0,4.0,6,354,304
546,0,Growth,199,0.15028901734104044,3.6216216216216215,8.0,9.875,6,536,781
547,0,Starter,49,0.15116279069767444,2.896713615023474,8.0,7.5,6,617,327
548,0,Growth,199,0.1511627906976744,3.3176470588235296,7.0,7.857142857142857,6,564,714
549,0,Growth,199,0.2096774193548387,10.0,3.0,7.333333333333333,6,218,255
550,0,Business,499,0.152046783625731,10.0,6.0,9.833333333333334,6,621,349
551,0,Growth,199,0.1954887218045113,1.0242914979757085,3.0,8.666666666666666,6,253,580
552,0,Business,499,0.17931034482758618,5.0,10.0,5.9,6,310,157
553,0,Growth,199,0.1699346405228758,10.0,6.0,5.666666666666667,6,349,699
554,0,Growth,199,0.16049382716049382,2.7238805970149254,4.0,6.0,6,365,453
555,0,Business,499,0.1656050955414013,2.074712643678161,7.0,6.428571428571429,6,361,74
556,0,Growth,199,0.14689265536723162,4.1847133757961785,10.0,7.4,6,657,389
557,0,Starter,49,0.23423423423423423,3.5869565217391304,6.0,6.0,6,165,327
558,0,Starter,49,0.15116279069767444,3.4232804232804233,4.0,7.75,6,647,632
559,0,Business,499,0.15950920245398773,4.372727272727273,7.0,6.285714285714286,6,481,233
560,0,Growth,199,0.14689265536723164,5.932203389830509,4.0,3.0,6,700,347
561,0,Business,499,0.14772727272727273,10.0,2.0,7.0,6,750,470
562,0,Starter,49,0.16774193548387095,4.821428571428571,8.0,5.0,6,405,83
563,0,Starter,49,0.17218543046357615,3.242424242424242,8.0,7.25,6,321,184
564,0,Starter,49,0.14525139664804468,6.487804878048781,11.0,6.363636363636363,6,798,26
565,0,Growth,199,0.14942528735632185,4.864661654135339,5.0,8.2,6,647,475
566,0,Growth,199,0.14772727272727273,10.0,3.0,10.333333333333334,6,620,93
567,0,Growth,199,0.14942528735632182,2.337719298245614,2.0,4.0,6,533,602
568,0,Growth,199,0.14857142857142858,4.366863905325443,7.0,5.0,6,738,524
569,0,Enterprise,999,0.14772727272727273,4.493150684931507,8.0,4.375,6,656,166
570,1,Starter,49,0.19117647058823528,3.5064935064935066,16.0,6.25,6,270,753
571,0,Growth,199,0.1566265060240964,6.405405405405405,6.0,5.333333333333333,6,474,782
572,0,Business,499,0.16666666666666669,1.672811059907834,3.0,5.333333333333333,6,363,215
573,0,Growth,199,0.17218543046357615,1.4453441295546559,6.0,5.0,6,357,233
574,0,Growth,199,0.1780821917808219,1.3766233766233766,7.0,8.571428571428571,6,318,568
575,0,Business,499,0.15568862275449102,4.315315315315315,6.0,5.5,6,479,369
576,0,Enterprise,999,0.1566265060240964,3.225563909774436,6.0,8.833333333333334,6,429,830
577,0,Starter,49,0.1575757575757576,4.407766990291262,2.0,9.5,6,454,332
578,1,Enterprise,999,0.29885057471264365,1.903225806451613,12.0,5.833333333333333,6,118,786
579,0,Growth,199,0.14772727272727273,2.736625514403292,6.0,8.666666666666666,6,665,869
580,0,Starter,49,0.2,1.1545893719806763,12.0,6.583333333333333,6,239,759
581,0,Growth,199,0.152046783625731,10.0,6.0,7.0,6,602,686
582,0,Enterprise,999,0.20634920634920637,1.1420765027322404,6.0,5.833333333333333,6,209,467
583,0,Growth,199,0.15853658536585363,3.865546218487395,6.0,7.666666666666667,6,460,697
584,0,Starter,49,0.15028901734104044,10.0,7.0,7.142857142857143,6,677,904
585,1,Growth,199,0.2385321100917431,0.6880733944954128,13.0,7.846153846153846,6,150,515
586,0,Starter,49,0.1460674157303371,10.0,7.0,8.0,6,623,680
587,0,Starter,49,0.14606741573033707,8.414634146341463,6.0,6.666666666666667,6,690,465
588,0,Starter,49,0.19999999999999998,3.4545454545454546,4.0,5.0,6,228,723
589,0,Starter,49,0.14772727272727273,10.0,10.0,5.0,6,582,260
590,1,Starter,49,0.3132530120481928,0.7643312101910829,14.0,5.571428571428571,6,120,740
591,1,Starter,49,0.21487603305785122,1.3253012048192772,11.0,8.090909090909092,6,220,80
592,0,Growth,199,0.1585365853658537,2.276595744680851,4.0,7.0,6,428,112
593,0,Starter,49,0.2184873949579832,1.8070175438596492,8.0,6.375,6,206,689
594,0,Starter,49,0.17218543046357615,5.075757575757576,5.0,3.2,6,335,910
595,0,Business,499,0.15204678362573099,10.0,11.0,8.454545454545455,6,547,26
596,1,Growth,199,0.16883116883116883,10.0,17.0,7.352941176470588,6,301,780
597,0,Growth,199,0.1818181818181818,2.951923076923077,6.0,9.0,6,307,95
598,0,Starter,49,0.15476190476190474,3.0419161676646707,5.0,9.0,6,508,182
599,0,Starter,49,0.14772727272727273,8.53623188405797,4.0,4.0,6,589,312
600,0,Starter,49,0.14857142857142858,3.5825242718446604,8.0,7.375,6,738,887
601,0,Starter,49,0.152046783625731,9.318181818181818,4.0,5.25,6,615,808
602,0,Starter,49,0.14942528735632185,10.0,5.0,3.2,6,595,751
603,1,Starter,49,0.18840579710144925,1.7638888888888888,15.0,5.733333333333333,6,254,844
604,0,Starter,49,0.15028901734104044,3.129032258064516,7.0,7.571428571428571,6,679,387
605,0,Starter,49,0.1954887218045113,1.3373493975903614,11.0,8.181818181818182,6,222,191
606,0,Growth,199,0.21311475409836064,7.904761904761905,8.0,3.25,6,166,629
607,0,Starter,49,0.14689265536723164,8.5,4.0,6.0,6,680,202
608,0,Growth,199,0.15476190476190477,2.2946859903381642,6.0,5.833333333333333,6,475,599
609,0,Growth,199,0.1477272727272727,9.188235294117646,10.0,6.6,6,781,603
610,0,Growth,199,0.15028901734104047,3.5774647887323945,7.0,5.714285714285714,6,762,431
611,0,Starter,49,0.14772727272727273,10.0,6.0,7.5,6,695,69
612,0,Business,499,0.14689265536723164,9.551282051282051,2.0,5.5,6,745,856
613,0,Growth,199,0.1733333333333333,1.5530973451327434,4.0,11.5,6,351,358
614,0,Starter,49,0.15476190476190477,10.0,9.0,8.444444444444445,6,493,397
615,0,Business,499,0.14689265536723164,2.896551724137931,6.0,6.833333333333333,6,672,341
616,1,Enterprise,999,0.203125,0.9358974358974359,17.0,6.529411764705882,6,219,291
617,0,Starter,49,0.16455696202531644,7.0576923076923075,8.0,6.25,6,367,312
618,0,Starter,49,0.14772727272727273,6.0,7.0,7.0,6,594,142
619,0,Business,499,0.16666666666666666,1.7666666666666666,6.0,7.166666666666667,6,371,106
620,1,Business,499,0.20155038759689925,8.48,9.0,8.222222222222221,6,212,784
621,0,Starter,49,0.14689265536723164,5.145833333333333,8.0,5.875,6,741,244
622,1,Starter,49,0.5098039215686274,2.0,13.0,7.0,6,62,456
623,0,Growth,199,0.16352201257861634,2.4195402298850577,10.0,6.3,6,421,788
624,0,Growth,199,0.24528301886792453,1.3865546218487395,3.0,4.0,6,165,453
625,0,Growth,199,0.15204678362573099,3.165745856353591,6.0,7.333333333333333,6,573,251
626,0,Growth,199,0.14772727272727273,5.65546218487395,6.0,6.333333333333333,6,673,223
627,0,Growth,199,0.22413793103448276,1.0493827160493827,7.0,7.142857142857143,6,170,847
628,0,Business,499,0.1656050955414013,2.244047619047619,7.0,5.0,6,377,237
629,0,Starter,49,0.15476190476190477,2.4829545454545454,7.0,10.571428571428571,6,437,823
630,0,Starter,49,0.18309859154929578,2.0808823529411766,2.0,3.0,6,283,281
631,0,Business,499,0.15384615384615385,10.0,3.0,3.6666666666666665,6,432,664
632,0,Business,499,0.155688622754491,10.0,8.0,6.625,6,553,232
633,0,Growth,199,0.20799999999999996,1.053921568627451,5.0,4.6,6,215,808
634,0,Growth,199,0.14525139664804468,7.747572815533981,6.0,6.666666666666667,6,798,343
635,0,Starter,49,0.14689265536723164,4.735849056603773,8.0,7.5,6,753,31
636,0,Growth,199,0.155688622754491,2.3724696356275303,7.0,4.714285714285714,6,586,674
637,1,Growth,199,0.2363636363636364,1.38135593220339,14.0,7.928571428571429,6,163,336
638,0,Starter,49,0.20312500000000003,1.8,5.0,5.4,6,252,793
639,0,Starter,49,0.14772727272727273,8.423529411764706,4.0,10.5,6,716,342
640,0,Growth,199,0.18181818181818182,1.0,5.0,2.4,6,250,480
641,0,Starter,49,0.17105263157894737,1.7979274611398963,3.0,8.333333333333334,6,347,736
642,1,Starter,49,0.2653061224489796,1.094890510948905,13.0,7.6923076923076925,6,150,623
643,0,Starter,49,0.14857142857142858,8.5,8.0,8.75,6,612,311
644,0,Starter,49,0.16666666666666666,6.5423728813559325,5.0,7.4,6,386,508
645,0,Starter,49,0.24299065420560748,3.125,7.0,8.571428571428571,6,175,469
646,0,Business,499,0.18571428571428572,1.210762331838565,5.0,8.2,6,270,722
647,0,Growth,199,0.14525139664804468,10.0,4.0,8.5,6,655,797
648,1,Growth,199,0.2795698924731183,0.6226415094339622,13.0,8.615384615384615,6,132,221
649,0,Business,499,0.14525139664804468,4.209677419354839,2.0,1.5,6,783,416
650,0,Growth,199,0.14857142857142855,2.9699570815450644,11.0,7.454545454545454,6,692,812
651,0,Starter,49,0.1566265060240964,2.481283422459893,4.0,8.0,6,464,447
652,0,Growth,199,0.14689265536723162,5.681481481481481,7.0,7.857142857142857,6,767,642
653,0,Growth,199,0.16049382716049385,7.535714285714286,5.0,6.4,6,422,564
654,0,Business,499,0.16883116883116886,1.8405797101449275,5.0,5.8,6,381,697
655,0,Growth,199,0.152046783625731,5.865979381443299,7.0,7.0,6,569,145
656,0,Starter,49,0.1511627906976744,4.766129032258065,5.0,4.6,6,591,52
657,0,Starter,49,0.14857142857142858,4.0062111801242235,3.0,10.0,6,645,56
658,0,Growth,199,0.24299065420560748,2.0595238095238093,7.0,7.428571428571429,6,173,779
659,0,Growth,199,0.1857142857142857,1.856115107913669,9.0,4.444444444444445,6,258,294
660,1,Growth,199,0.1897810218978102,1.2093023255813953,15.0,6.466666666666667,6,260,274
661,0,Growth,199,0.2260869565217391,4.702702702702703,4.0,7.0,6,174,19
662,0,Enterprise,999,0.17218543046357615,2.8,4.0,9.5,6,336,420
663,0,Growth,199,0.15853658536585366,10.0,3.0,7.0,6,437,189
664,0,Starter,49,0.14606741573033707,3.8656716417910446,9.0,5.777777777777778,6,777,56
665,0,Starter,49,0.15476190476190477,3.661654135338346,7.0,6.571428571428571,6,487,712
666,0,Starter,49,0.22413793103448273,1.3576642335766422,5.0,8.8,6,186,826
667,0,Starter,49,0.17333333333333334,6.085106382978723,2.0,11.5,6,286,675
668,0,Starter,49,0.14606741573033707,2.692622950819672,5.0,6.8,6,657,661
669,0,Starter,49,0.1625,1.5222672064777327,7.0,6.857142857142857,6,376,562
670,0,Starter,49,0.16049382716049382,2.1221719457013575,10.0,9.9,6,469,106
671,1,Starter,49,0.26262626262626265,2.4,14.0,5.285714285714286,6,132,790
672,0,Business,499,0.2,6.351351351351352,2.0,8.0,6,235,57
673,0,Starter,49,0.14689265536723162,4.631578947368421,2.0,9.0,6,616,442
674,0,Growth,199,0.21487603305785125,4.208333333333333,3.0,6.0,6,202,651
675,1,Growth,199,0.2385321100917431,0.7083333333333334,12.0,6.166666666666667,6,153,388
676,0,Enterprise,999,0.152046783625731,10.0,4.0,6.5,6,582,868
677,0,Starter,49,0.14772727272727273,3.7719298245614037,5.0,6.0,6,645,17
678,0,Growth,199,0.19402985074626866,1.5276073619631902,6.0,7.166666666666667,6,249,585
679,1,Enterprise,999,0.17105263157894737,1.2887931034482758,6.0,5.5,6,299,865
680,0,Business,499,0.14689265536723164,3.2662721893491122,2.0,7.0,6,552,65
681,0,Business,499,0.15294117647058825,8.134328358208956,3.0,4.0,6,545,443
682,0,Starter,49,0.14857142857142858,5.586776859504132,5.0,7.6,6,676,282
683,0,Starter,49,0.14689265536723162,10.0,1.0,7.0,6,564,799
684,0,Growth,199,0.14942528735632185,5.953125,8.0,6.75,6,762,230
685,0,Enterprise,999,0.15204678362573099,6.6521739130434785,5.0,5.8,6,612,191
686,1,Growth,199,0.18309859154929578,1.2266666666666666,7.0,7.857142857142857,6,276,689
687,0,Growth,199,0.14772727272727273,7.242990654205608,2.0,7.5,6,775,416
688,0,Starter,49,0.14525139664804468,5.647058823529412,3.0,4.0,6,768,709
689,0,Business,499,0.1511627906976744,5.965116279069767,6.0,5.333333333333333,6,513,40
690,0,Starter,49,0.17931034482758623,7.75,11.0,4.090909090909091,6,279,537
691,0,Starter,49,0.1984732824427481,3.426470588235294,8.0,5.375,6,233,497
692,1,Growth,199,0.24074074074074073,9.882352941176471,15.0,5.8,6,168,694
693,0,Growth,199,0.1625,1.738938053097345,6.0,7.666666666666667,6,393,462
694,0,Starter,49,0.14772727272727273,2.3761061946902653,7.0,5.142857142857143,6,537,263
695,1,Starter,49,0.24528301886792456,0.5942622950819673,13.0,6.153846153846154,6,145,664
696,0,Growth,199,0.17218543046357618,5.943396226415095,5.0,6.6,6,315,15
697,0,Starter,49,0.21487603305785125,1.5294117647058822,6.0,3.8333333333333335,6,208,665
698,1,Growth,199,0.18439716312056736,1.3043478260869565,15.0,7.866666666666666,6,300,187
699,1,Starter,49,0.18309859154929578,10.0,18.0,6.5,6,261,433
700,0,Growth,199,0.18309859154929575,2.029850746268657,12.0,7.083333333333333,6,272,773
701,0,Growth,199,0.14942528735632185,10.0,13.0,7.538461538461538,6,797,202
702,0,Starter,49,0.15028901734104044,10.0,5.0,7.4,6,562,6
703,0,Starter,49,0.18309859154929578,2.198473282442748,9.0,8.555555555555555,6,288,834
704,0,Starter,49,0.16774193548387095,2.6619718309859155,6.0,10.5,6,378,181
705,0,Starter,49,0.16149068322981366,3.6782608695652175,8.0,6.75,6,423,900
706,0,Enterprise,999,0.1477272727272727,3.0785340314136125,5.0,4.0,6,588,704
707,0,Starter,49,0.14857142857142858,7.255102040816326,4.0,7.5,6,711,344
708,0,Business,499,0.18055555555555555,10.0,9.0,7.666666666666667,6,267,842
709,0,Starter,49,0.14942528735632185,6.515463917525773,9.0,5.777777777777778,6,632,27
710,0,Growth,199,0.15028901734104047,10.0,4.0,7.25,6,544,53
711,0,Business,499,0.1511627906976744,3.045,4.0,4.75,6,609,312
712,0,Growth,199,0.20800000000000002,1.0509259259259258,3.0,8.666666666666666,6,227,58
713,0,Growth,199,0.1511627906976744,10.0,15.0,6.666666666666667,6,561,728
714,0,Growth,199,0.2184873949579832,1.0769230769230769,10.0,8.1,6,224,301
715,0,Starter,49,0.15476190476190477,2.242424242424242,1.0,1.0,6,444,386
716,0,Enterprise,999,0.2577319587628866,1.069182389937107,5.0,8.8,6,170,688
717,0,Business,499,0.17567567567567569,2.406015037593985,4.0,6.0,6,320,122
718,1,Enterprise,999,0.4444444444444444,4.642857142857143,12.0,8.5,6,65,850
719,1,Starter,49,0.2736842105263158,0.6857142857142857,9.0,6.555555555555555,6,144,700
720,0,Business,499,0.14525139664804468,10.0,9.0,6.777777777777778,6,709,177
721,0,Enterprise,999,0.1925925925925926,2.6704545454545454,4.0,7.75,6,235,112
722,0,Starter,49,0.1818181818181818,2.8380952380952382,6.0,7.5,6,298,418
723,1,Starter,49,0.21138211382113822,1.5522388059701493,16.0,6.3125,6,208,448
724,0,Business,499,0.14689265536723164,3.381720430107527,5.0,4.6,6,629,121
725,1,Growth,199,0.29545454545454547,0.9523809523809523,11.0,5.636363636363637,6,120,38
726,0,Business,499,0.17567567567567569,3.258426966292135,9.0,8.666666666666666,6,290,887
727,0,Starter,49,0.1984732824427481,1.4155844155844155,7.0,6.428571428571429,6,218,742
728,0,Business,499,0.15568862275449102,2.605095541401274,8.0,7.25,6,409,435
729,0,Starter,49,0.14444444444444443,3.895348837209302,5.0,7.8,6,670,175
730,0,Starter,49,0.14525139664804468,4.137566137566138,7.0,6.857142857142857,6,782,14
731,0,Starter,49,0.15568862275449102,10.0,4.0,9.5,6,520,833
732,0,Business,499,0.15384615384615383,10.0,11.0,7.0,6,568,98
733,1,Growth,199,0.3333333333333333,0.6622516556291391,10.0,10.8,6,100,536
734,0,Growth,199,0.16149068322981366,10.0,4.0,9.25,6,392,742
735,0,Growth,199,0.14942528735632182,5.901785714285714,6.0,8.666666666666666,6,661,227
736,0,Business,499,0.14857142857142858,3.889502762430939,11.0,8.636363636363637,6,704,677
737,0,Growth,199,0.1793103448275862,1.8345864661654134,6.0,3.0,6,244,596
738,1,Business,499,0.25490196078431376,0.8108108108108109,15.0,6.866666666666666,6,150,180
739,0,Growth,199,0.14444444444444446,4.506756756756757,5.0,7.0,6,667,698
740,1,Growth,199,0.2577319587628866,1.0431654676258992,11.0,6.090909090909091,6,145,408
741,0,Growth,199,0.208,0.8674698795180723,11.0,8.181818181818182,6,216,327
742,0,Starter,49,0.15294117647058825,2.2899159663865545,7.0,4.571428571428571,6,545,643
743,0,Business,499,0.15028901734104044,5.284722222222222,13.0,7.538461538461538,6,761,84
744,0,Growth,199,0.23636363636363636,1.0,9.0,7.111111111111111,6,161,362
745,1,Starter,49,0.25742574257425743,0.616,14.0,8.142857142857142,6,154,160
746,0,Business,499,0.15476190476190477,3.727891156462585,6.0,7.166666666666667,6,548,530
747,0,Growth,199,0.15294117647058825,2.2601626016260163,2.0,10.0,6,556,449
748,0,Growth,199,0.14942528735632182,3.4,10.0,6.6,6,629,450
749,1,Enterprise,999,0.1793103448275862,3.697674418604651,21.0,6.523809523809524,6,318,591
750,0,Growth,199,0.16352201257861634,2.5067567567567566,7.0,4.285714285714286,6,371,167
751,0,Starter,49,0.174496644295302,8.472222222222221,3.0,10.0,6,305,488
752,0,Enterprise,999,0.14689265536723164,2.465811965811966,5.0,7.0,6,577,22
753,0,Growth,199,0.17808219178082194,1.2329317269076305,5.0,9.2,6,307,300
754,0,Starter,49,0.15028901734104047,10.0,7.0,7.714285714285714,6,565,685
755,0,Starter,49,0.15204678362573099,5.10752688172043,5.0,6.0,6,475,466
756,0,Business,499,0.15294117647058822,2.6530612244897958,7.0,6.285714285714286,6,520,225
757,1,Growth,199,0.21311475409836064,3.517857142857143,9.0,8.11111111111111,6,197,168
758,0,Growth,199,0.1566265060240964,1.691358024691358,7.0,4.571428571428571,6,411,76
759,0,Business,499,0.15757575757575756,10.0,4.0,6.0,6,432,39
760,0,Business,499,0.16666666666666666,5.641791044776119,7.0,4.571428571428571,6,378,743
761,0,Starter,49,0.16049382716049385,2.5535714285714284,6.0,9.166666666666666,6,429,834
762,0,Starter,49,0.16049382716049385,10.0,10.0,5.3,6,439,551
763,0,Starter,49,0.21311475409836067,1.0425531914893618,5.0,8.0,6,196,270
764,0,Business,499,0.17105263157894737,2.0279329608938546,10.0,5.8,6,363,179
765,1,Starter,49,0.4444444444444444,0.47586206896551725,9.0,8.666666666666666,6,69,699
766,0,Growth,199,0.1511627906976744,2.7325581395348837,7.0,6.714285714285714,6,470,667
767,0,Business,499,0.1566265060240964,2.473684210526316,5.0,6.4,6,423,174
768,0,Business,499,0.14689265536723164,8.10344827586207,5.0,4.0,6,705,603
769,0,Starter,49,0.1566265060240964,1.9493670886075949,3.0,8.0,6,462,469
770,0,Business,499,0.15950920245398773,3.631205673758865,6.0,6.333333333333333,6,512,774
771,1,Starter,49,0.20155038759689925,1.9009009009009008,15.0,7.066666666666666,6,211,855
772,0,Business,499,0.15204678362573099,2.82648401826484,3.0,7.333333333333333,6,619,639
773,0,Starter,49,0.1911764705882353,5.096153846153846,6.0,4.333333333333333,6,265,296
774,0,Growth,199,0.14689265536723162,10.0,6.0,6.0,6,754,463
775,0,Business,499,0.21666666666666667,0.7892561983471075,7.0,8.857142857142858,6,191,449
776,0,Starter,49,0.15204678362573099,4.363636363636363,5.0,6.8,6,528,392
777,0,Starter,49,0.16883116883116883,1.5301724137931034,9.0,7.555555555555555,6,355,69
778,0,Business,499,0.14689265536723164,8.31081081081081,6.0,6.666666666666667,6,615,704
779,0,Business,499,0.15950920245398773,4.820224719101123,5.0,9.4,6,429,613
780,0,Growth,199,0.14525139664804468,4.688235294117647,3.0,3.3333333333333335,6,797,660
781,0,Growth,199,0.14772727272727273,10.0,5.0,7.4,6,767,513
782,0,Growth,199,0.1818181818181818,1.78,2.0,4.5,6,267,389
783,0,Starter,49,0.1566265060240964,2.3975155279503104,5.0,10.8,6,386,612
784,0,Starter,49,0.15384615384615383,3.3676470588235294,6.0,8.833333333333334,6,458,283
785,0,Starter,49,0.15294117647058822,5.654205607476635,4.0,7.5,6,605,403
786,0,Enterprise,999,0.14857142857142858,10.0,16.0,6.4375,6,624,764
787,0,Growth,199,0.196969696969697,1.0204918032786885,8.0,7.625,6,249,171
788,0,Growth,199,0.15950920245398773,5.774647887323944,10.0,7.9,6,410,527
789,0,Growth,199,0.1575757575757576,3.8151260504201683,10.0,5.9,6,454,317
790,0,Enterprise,999,0.15028901734104047,6.134146341463414,7.0,3.2857142857142856,6,503,498
791,0,Starter,49,0.16049382716049382,6.126760563380282,8.0,6.25,6,435,8
792,0,Growth,199,0.15853658536585366,10.0,5.0,9.6,6,477,354
793,0,Growth,199,0.1893939393939394,3.036144578313253,2.0,7.5,6,252,729
794,0,Growth,199,0.20800000000000002,1.1777777777777778,5.0,9.4,6,212,664
795,0,Starter,49,0.15853658536585366,2.3812154696132595,9.0,4.222222222222222,6,431,132
796,0,Business,499,0.15028901734104044,5.959595959595959,7.0,4.857142857142857,6,590,730
797,0,Enterprise,999,0.15384615384615385,1.768,4.0,10.5,6,442,569
798,0,Growth,199,0.26,3.5454545454545454,8.0,6.625,6,156,705
799,0,Growth,199,0.1452513966480447,7.099099099099099,7.0,6.285714285714286,6,788,206
800,0,Enterprise,999,0.19696969696969693,1.2171717171717171,2.0,7.5,6,241,59
801,0,Business,499,0.17218543046357618,1.695,5.0,9.8,6,339,77
802,0,Starter,49,0.15204678362573099,4.496402877697841,7.0,6.857142857142857,6,625,528
803,0,Growth,199,0.14444444444444446,10.0,7.0,6.285714285714286,6,660,219
804,0,Growth,199,0.15204678362573099,10.0,5.0,8.2,6,611,36
805,1,Growth,199,0.36923076923076925,0.5298013245033113,14.0,7.714285714285714,6,80,62
806,0,Business,499,0.14857142857142858,10.0,8.0,7.25,6,635,79
807,1,Enterprise,999,0.17931034482758623,9.323529411764707,12.0,6.75,6,317,403
808,0,Enterprise,999,0.14857142857142858,10.0,7.0,8.857142857142858,6,639,593
809,0,Growth,199,0.1566265060240964,2.419811320754717,3.0,2.0,6,513,120
810,1,Starter,49,0.3164556962025316,2.736842105263158,12.0,6.083333333333333,6,104,826
811,0,Enterprise,999,0.14942528735632185,4.6115702479338845,9.0,5.777777777777778,6,558,115
812,0,Business,499,0.2452830188679245,1.054054054054054,7.0,7.285714285714286,6,156,36
813,0,Starter,49,0.16352201257861634,1.8210526315789475,6.0,5.666666666666667,6,346,194
814,0,Enterprise,999,0.15204678362573099,7.371428571428571,7.0,3.5714285714285716,6,516,879
815,0,Business,499,0.16352201257861634,2.607843137254902,2.0,11.0,6,399,908
816,0,Growth,199,0.14772727272727273,6.584070796460177,6.0,6.833333333333333,6,744,799
817,0,Growth,199,0.16455696202531644,2.7202797202797204,8.0,5.875,6,389,377
818,1,Growth,199,0.2184873949579832,0.8647540983606558,18.0,6.833333333333333,6,211,819
819,0,Starter,49,0.14606741573033707,7.948717948717949,8.0,4.75,6,620,179
820,0,Starter,49,0.14942528735632185,3.0049751243781095,4.0,6.25,6,604,277
821,0,Business,499,0.15294117647058825,5.15,9.0,7.222222222222222,6,515,702
822,1,Starter,49,0.2385321100917431,0.7709251101321586,14.0,7.642857142857143,6,175,318
823,0,Starter,49,0.15028901734104047,10.0,7.0,7.0,6,552,326
824,1,Growth,199,0.373134328358209,0.47674418604651164,11.0,5.636363636363637,6,82,75
825,0,Growth,199,0.1477272727272727,10.0,4.0,6.5,6,670,372
826,0,Enterprise,999,0.1575757575757576,3.2357142857142858,6.0,5.833333333333333,6,453,78
827,0,Starter,49,0.1925925925925926,1.2110091743119267,8.0,7.875,6,264,715
828,1,Starter,49,0.2577319587628866,1.7654320987654322,7.0,6.714285714285714,6,143,907
829,0,Business,499,0.22608695652173913,1.3475177304964538,4.0,6.25,6,190,193
830,0,Growth,199,0.16993464052287582,4.735294117647059,9.0,7.0,6,322,323
831,0,Starter,49,0.1625,8.704545454545455,7.0,6.857142857142857,6,383,197
832,0,Growth,199,0.14689265536723164,3.028688524590164,8.0,7.5,6,739,484
833,0,Starter,49,0.14606741573033707,3.6273584905660377,5.0,7.2,6,769,737
834,0,Starter,49,0.14857142857142858,8.363636363636363,8.0,7.875,6,552,261
835,0,Growth,199,0.22413793103448273,6.266666666666667,6.0,6.666666666666667,6,188,592
836,0,Growth,199,0.1870503597122302,1.6962025316455696,4.0,10.0,6,268,860
837,0,Enterprise,999,0.15476190476190474,2.4948453608247423,2.0,1.0,6,484,837
838,0,Growth,199,0.15476190476190477,4.145299145299146,6.0,9.5,6,485,844
839,0,Growth,199,0.14689265536723164,3.474747474747475,6.0,8.0,6,688,548
840,0,Growth,199,0.14857142857142855,5.7518796992481205,5.0,8.8,6,765,825
841,0,Starter,49,0.1925925925925926,1.0469483568075117,7.0,8.285714285714286,6,223,463
842,0,Growth,199,0.1625,2.236842105263158,5.0,8.4,6,340,18
843,0,Starter,49,0.15294117647058822,5.7682926829268295,4.0,5.75,6,473,414
844,0,Enterprise,999,0.18181818181818182,2.690909090909091,6.0,7.333333333333333,6,296,690
845,0,Starter,49,0.1625,10.0,6.0,7.833333333333333,6,433,446
846,0,Growth,199,0.16993464052287582,2.193939393939394,4.0,6.0,6,362,48
847,0,Starter,49,0.14689265536723164,10.0,8.0,5.75,6,784,249
848,0,Enterprise,999,0.15294117647058825,2.6359223300970873,3.0,8.0,6,543,377
849,0,Growth,199,0.1511627906976744,2.6666666666666665,5.0,7.4,6,488,98
850,0,Growth,199,0.22413793103448276,3.9767441860465116,8.0,8.375,6,171,266
851,0,Starter,49,0.1925925925925926,4.884615384615385,5.0,9.2,6,254,447
852,0,Business,499,0.15028901734104047,9.318181818181818,9.0,4.0,6,615,77
853,1,Starter,49,0.19402985074626863,1.0848214285714286,12.0,6.583333333333333,6,243,562
854,0,Business,499,0.15384615384615385,2.430962343096234,12.0,5.5,6,581,688
855,0,Starter,49,0.14525139664804468,6.918918918918919,3.0,7.333333333333333,6,768,823
856,0,Starter,49,0.16560509554140126,3.5576923076923075,10.0,8.9,6,370,47
857,0,Starter,49,0.15204678362573099,9.263157894736842,3.0,10.333333333333334,6,528,535
858,0,Growth,199,0.16774193548387095,1.5394190871369295,6.0,8.666666666666666,6,371,399
859,0,Growth,199,0.16049382716049385,10.0,5.0,4.2,6,407,214
860,0,Starter,49,0.15568862275449102,10.0,11.0,6.7272727272727275,6,516,80
861,0,Business,499,0.15384615384615385,2.8135593220338984,4.0,6.0,6,498,495
862,0,Growth,199,0.16560509554140126,7.056603773584905,10.0,6.7,6,374,851
863,0,Growth,199,0.1625,3.031496062992126,6.0,6.5,6,385,44
864,0,Growth,199,0.17567567567567569,4.048780487804878,7.0,5.571428571428571,6,332,588
865,0,Growth,199,0.14689265536723164,2.430327868852459,5.0,7.6,6,593,889
866,0,Growth,199,0.14525139664804468,3.938775510204082,9.0,7.777777777777778,6,772,617
867,0,Starter,49,0.25742574257425743,0.8469945355191257,6.0,7.0,6,155,169
868,0,Starter,49,0.15853658536585366,1.610878661087866,5.0,6.2,6,385,595
869,0,Business,499,0.18978102189781024,1.3596059113300492,7.0,8.571428571428571,6,276,541
870,0,Enterprise,999,0.1925925925925926,2.0403225806451615,6.0,7.166666666666667,6,253,473
871,1,Growth,199,0.1911764705882353,3.0240963855421685,10.0,6.2,6,251,84
872,0,Starter,49,0.1780821917808219,2.235294117647059,5.0,8.2,6,304,506
873,0,Growth,199,0.16352201257861634,10.0,7.0,9.714285714285714,6,406,140
874,0,Growth,199,0.16666666666666666,1.606694560669456,4.0,8.0,6,384,183
875,0,Starter,49,0.14942528735632185,7.635294117647059,9.0,7.333333333333333,6,649,597
876,0,Starter,49,0.15568862275449102,2.9395973154362416,7.0,5.142857142857143,6,438,269
877,0,Business,499,0.14942528735632185,10.0,4.0,6.25,6,659,569
878,0,Growth,199,0.14689265536723164,8.7625,6.0,6.0,6,701,507
879,0,Starter,49,0.14525139664804468,8.067415730337078,5.0,8.0,6,718,676
880,0,Starter,49,0.15757575757575756,2.98,5.0,6.0,6,447,555
881,0,Starter,49,0.14689265536723164,5.23448275862069,9.0,7.444444444444445,6,759,531
882,0,Growth,199,0.1793103448275862,1.43,5.0,4.4,6,286,388
883,0,Starter,49,0.15476190476190477,4.30327868852459,3.0,3.0,6,525,153
884,1,Starter,49,0.35820895522388063,1.9583333333333333,16.0,5.0625,6,94,651
885,0,Business,499,0.15294117647058825,10.0,5.0,6.2,6,568,695
886,0,Starter,49,0.16774193548387095,2.5035971223021583,4.0,6.0,6,348,70
887,1,Growth,199,0.18571428571428572,0.991869918699187,14.0,6.571428571428571,6,244,860
888,0,Starter,49,0.1477272727272727,5.327272727272727,2.0,9.5,6,586,837
889,0,Starter,49,0.15384615384615385,10.0,6.0,7.833333333333333,6,459,699
890,0,Starter,49,0.14857142857142858,10.0,9.0,7.222222222222222,6,745,678
891,1,Business,499,0.2184873949579832,1.72,20.0,7.85,6,172,127
892,0,Business,499,0.16049382716049385,2.7283236994219653,2.0,5.5,6,472,819
893,0,Business,499,0.18309859154929578,10.0,6.0,8.5,6,301,155
894,0,Growth,199,0.1566265060240964,10.0,5.0,6.2,6,451,86
895,0,Growth,199,0.15950920245398773,3.007042253521127,8.0,8.125,6,427,887
896,0,Starter,49,0.23423423423423423,1.1804511278195489,8.0,6.25,6,157,467
897,0,Starter,49,0.16249999999999998,10.0,5.0,3.2,6,384,244
898,0,Business,499,0.15116279069767444,10.0,5.0,8.2,6,710,763
899,1,Starter,49,0.23214285714285715,0.8450704225352113,18.0,7.388888888888889,6,180,614
900,0,Starter,49,0.22807017543859648,0.8990384615384616,7.0,7.142857142857143,6,187,362
901,0,Starter,49,0.1793103448275862,2.85,2.0,9.0,6,285,296
902,0,Starter,49,0.14772727272727273,3.825503355704698,3.0,3.0,6,570,282
903,0,Starter,49,0.1625,4.54320987654321,8.0,7.5,6,368,535
904,0,Growth,199,0.15028901734104047,10.0,2.0,1.0,6,497,787
905,0,Growth,199,0.14689265536723164,6.881188118811881,9.0,6.777777777777778,6,695,283
906,0,Business,499,0.19847328244274806,10.0,9.0,6.222222222222222,6,228,54
907,0,Business,499,0.16049382716049385,10.0,6.0,7.166666666666667,6,422,898
908,0,Starter,49,0.17105263157894735,1.8235294117647058,6.0,5.5,6,310,136
909,1,Starter,49,0.21848739495798317,0.7777777777777778,14.0,7.571428571428571,6,182,398
910,0,Growth,199,0.14942528735632182,8.301587301587302,9.0,6.333333333333333,6,523,92
911,0,Growth,199,0.25,2.135135135135135,11.0,4.636363636363637,6,158,584
912,1,Starter,49,0.1911764705882353,1.3166666666666667,14.0,6.428571428571429,6,237,840
913,1,Growth,199,0.325,2.08,15.0,5.6,6,104,477
914,0,Growth,199,0.16774193548387095,6.103448275862069,8.0,10.875,6,354,424
915,0,Growth,199,0.15116279069767444,2.2892561983471076,5.0,7.0,6,554,689
916,1,Growth,199,0.2524271844660194,3.0,16.0,7.8125,6,138,793
917,0,Starter,49,0.18181818181818185,1.76,6.0,4.0,6,264,36
918,0,Enterprise,999,0.1897810218978102,2.621359223300971,10.0,7.9,6,270,308
919,0,Business,499,0.196969696969697,1.6090225563909775,5.0,8.8,6,214,695
920,0,Starter,49,0.15568862275449102,10.0,11.0,8.454545454545455,6,425,375
921,1,Business,499,0.25,0.7077625570776256,12.0,7.833333333333333,6,155,234
922,1,Growth,199,0.23214285714285715,1.1320754716981132,9.0,8.555555555555555,6,180,794
923,0,Business,499,0.1511627906976744,10.0,5.0,5.8,6,541,296
924,0,Business,499,0.14857142857142858,5.161538461538462,5.0,4.6,6,671,488
925,0,Growth,199,0.15294117647058822,3.547945205479452,5.0,7.0,6,518,558
926,0,Starter,49,0.16455696202531647,7.346153846153846,11.0,8.181818181818182,6,382,329
927,0,Starter,49,0.17105263157894737,10.0,7.0,6.571428571428571,6,344,2
928,0,Growth,199,0.26530612244897955,0.8609625668449198,3.0,8.0,6,161,454
929,0,Growth,199,0.17567567567567569,4.465753424657534,3.0,4.666666666666667,6,326,798
930,0,Starter,49,0.16560509554140126,1.9572192513368984,9.0,4.444444444444445,6,366,673
931,0,Starter,49,0.25,1.8604651162790697,7.0,7.142857142857143,6,160,673
932,0,Business,499,0.14857142857142858,10.0,14.0,8.071428571428571,6,595,352
933,0,Enterprise,999,0.14942528735632185,6.601694915254237,8.0,7.375,6,779,904
934,0,Growth,199,0.18439716312056736,10.0,2.0,8.0,6,313,353
935,0,Starter,49,0.1477272727272727,10.0,6.0,8.833333333333334,6,700,707
936,0,Starter,49,0.2184873949579832,1.3741496598639455,5.0,7.0,6,202,243
937,0,Starter,49,0.16149068322981366,10.0,8.0,6.25,6,367,51
938,0,Enterprise,999,0.15476190476190477,5.3578947368421055,5.0,5.8,6,509,872
939,0,Starter,49,0.15204678362573099,3.4012738853503186,5.0,6.6,6,534,52
940,0,Growth,199,0.2260869565217391,10.0,6.0,5.5,6,205,409
941,0,Starter,49,0.1897810218978102,2.5673076923076925,7.0,9.714285714285714,6,267,459
942,0,Growth,199,0.16560509554140126,2.662251655629139,4.0,11.25,6,402,781
943,1,Growth,199,0.28888888888888886,0.7277777777777777,8.0,6.75,6,131,103
944,0,Business,499,0.15204678362573099,10.0,5.0,10.0,6,564,321
945,0,Starter,49,0.16249999999999998,5.260273972602739,8.0,6.625,6,384,495
946,0,Starter,49,0.19696969696969696,10.0,5.0,5.8,6,229,146
947,0,Starter,49,0.1477272727272727,10.0,2.0,6.5,6,796,653
948,0,Enterprise,999,0.23214285714285715,1.3359375,6.0,8.0,6,171,258
949,0,Business,499,0.152046783625731,9.072463768115941,5.0,5.6,6,626,793
950,0,Growth,199,0.15028901734104047,3.751592356687898,14.0,6.714285714285714,6,589,529
951,0,Growth,199,0.1460674157303371,10.0,13.0,6.769230769230769,6,719,609
952,0,Growth,199,0.19402985074626866,10.0,8.0,3.625,6,242,702
953,0,Starter,49,0.16883116883116886,1.55,4.0,6.25,6,341,298
954,0,Enterprise,999,0.1940298507462687,2.1538461538461537,7.0,5.0,6,252,322
955,1,Growth,199,0.203125,1.0234741784037558,11.0,7.090909090909091,6,218,393
956,1,Growth,199,0.4807692307692308,0.7126436781609196,16.0,5.9375,6,62,701
957,0,Growth,199,0.14772727272727273,9.282352941176471,4.0,6.75,6,789,600
958,0,Starter,49,0.14772727272727273,8.325581395348838,8.0,6.5,6,716,637
959,0,Starter,49,0.16993464052287582,2.5,7.0,5.0,6,380,460
960,0,Business,499,0.1452513966480447,7.158415841584159,6.0,7.0,6,723,536
961,0,Starter,49,0.16149068322981366,3.9693877551020407,7.0,5.571428571428571,6,389,477
962,0,Growth,199,0.1911764705882353,1.5320512820512822,5.0,8.6,6,239,736
963,0,Starter,49,0.16352201257861637,2.1284916201117317,1.0,1.0,6,381,65
964,1,Growth,199,0.19548872180451127,0.9758064516129032,17.0,7.411764705882353,6,242,58
965,0,Starter,49,0.16666666666666669,3.264957264957265,5.0,5.0,6,382,195
966,0,Growth,199,0.15294117647058825,2.350467289719626,4.0,7.0,6,503,460
967,0,Business,499,0.155688622754491,10.0,7.0,6.714285714285714,6,482,277
968,0,Starter,49,0.14857142857142855,8.521739130434783,4.0,7.5,6,588,442
969,0,Growth,199,0.152046783625731,2.531400966183575,3.0,7.333333333333333,6,524,673
970,0,Growth,199,0.16250000000000003,3.7058823529411766,2.0,1.5,6,441,327
971,0,Growth,199,0.15028901734104044,3.50354609929078,7.0,4.857142857142857,6,494,168
972,1,Enterprise,999,0.20472440944881887,1.5972222222222223,11.0,4.818181818181818,6,230,126
973,0,Business,499,0.1843971631205674,1.516304347826087,8.0,10.0,6,279,855
974,0,Starter,49,0.1780821917808219,9.0625,6.0,7.0,6,290,78
975,0,Starter,49,0.14942528735632182,10.0,3.0,11.333333333333334,6,564,527
976,0,Starter,49,0.19402985074626866,1.2284263959390862,6.0,6.0,6,242,844
977,0,Growth,199,0.1452513966480447,10.0,5.0,5.0,6,775,397
978,0,Starter,49,0.16149068322981366,6.098591549295775,1.0,4.0,6,433,896
979,1,Growth,199,0.24761904761904763,1.2436974789915967,15.0,7.666666666666667,6,148,568
980,0,Growth,199,0.1511627906976744,4.975609756097561,6.0,6.5,6,612,331
981,1,Starter,49,0.1843971631205674,2.978494623655914,13.0,6.076923076923077,6,277,135
982,0,Business,499,0.16774193548387095,10.0,11.0,7.818181818181818,6,425,874
983,0,Starter,49,0.18181818181818182,1.2041666666666666,10.0,6.4,6,289,454
984,0,Starter,49,0.15116279069767444,2.3317972350230414,10.0,7.0,6,506,779
985,0,Business,499,0.23853211009174316,2.0476190476190474,7.0,6.0,6,172,692
986,0,Growth,199,0.16049382716049382,2.0439024390243903,7.0,5.142857142857143,6,419,380
987,0,Growth,199,0.1477272727272727,5.127659574468085,5.0,5.8,6,482,591
988,0,Growth,199,0.2,2.0,10.0,8.3,6,234,173
989,0,Starter,49,0.14689265536723162,10.0,8.0,8.125,6,770,210
990,0,Business,499,0.23008849557522124,0.8490566037735849,5.0,7.4,6,180,446
991,0,Business,499,0.16049382716049382,1.7522522522522523,2.0,7.5,6,389,734
992,0,Growth,199,0.15294117647058822,2.8764044943820224,11.0,6.090909090909091,6,512,380
993,0,Starter,49,0.14857142857142858,3.927007299270073,5.0,9.2,6,538,657
994,0,Growth,199,0.15204678362573099,5.033707865168539,6.0,5.666666666666667,6,448,641
995,0,Growth,199,0.15476190476190477,2.08,9.0,6.111111111111111,6,520,43
996,0,Starter,49,0.1897810218978102,1.186602870813397,9.0,9.88888888888889,6,248,195
997,0,Enterprise,999,0.20634920634920637,3.769230769230769,9.0,6.0,6,196,283
998,0,Starter,49,0.15028901734104047,10.0,6.0,6.666666666666667,6,571,241
999,0,Enterprise,999,0.1511627906976744,4.032051282051282,8.0,7.375,6,629,606
1000,0,Growth,199,0.14689265536723164,10.0,10.0,7.9,6,728,245
